{"version":"1.1.0","state":"0","data":{"categories":{"CAT_1":{"label":"Favorite Commands","icon":"Category Icon","isInQAB":false,"showText":false,"editable":false,"state":"0"},"CAT_2":{"label":"Examples","icon":"Category Icon","isInQAB":false,"showText":false,"editable":true,"state":"0"}},"favorites":{"FAV_1":{"label":"About Favorite Commands","icon":"Favorite Command Icon","code":"% Display help documentation for Favorite Commands\nhelpview('matlab', 'matlab_favorites');","isInQAB":false,"showText":false,"editable":true,"state":"0"},"FAV_2":{"label":"Clear Variables & Commands","icon":"Favorite Command Icon","code":"% Remove all variables from the current MATLAB workspace\nclear;\n\n% Clear all input and output from the MATLAB Command Window\nclc;","isInQAB":false,"showText":false,"editable":true,"state":"0"},"FAV_3":{"label":"Go to User Folder","icon":"Favorite Command Icon","code":"% Change MATLAB current folder to the first folder on the search path\ncd(userpath);","isInQAB":false,"showText":false,"editable":true,"state":"0"},"FAV_4":{"label":"MATLAB Logo","icon":"Favorite Command Icon","code":"% Create a figure and display the MATLAB logo\nlogo;\n\n% Update figure so it is visible during animation\ndrawnow;\n\n% Rotate the MATLAB logo\n[az,el] = view;\nfor step = 1: 360\n    % Set new position of viewer\n    view(az + step, el);\n    % Stop MATLAB execution temporarily to slow down animation\n    pause(0.005);\nend\n","isInQAB":false,"showText":false,"editable":true,"state":"0"}}},"layout":{"categories":["CAT_1","CAT_2"],"favorites":{"CAT_1":[],"CAT_2":["FAV_1","FAV_2","FAV_3","FAV_4"]}}}