<?xml version="1.0" encoding="UTF-8"?>
<Editor version="1.0">
   <File absPath="/MATLAB Drive" lastWrittenTime="1636399128598" name="sevenptonefour.m">
      <CodeFolds version="1.0"/>
   </File>
   <File absPath="/MATLAB Drive" lastWrittenTime="1636399705037" name="sevenptonefourb.m">
      <CodeFolds version="1.0"/>
   </File>
   <File absPath="/MATLAB Drive" lastWrittenTime="1636402838345" name="sevenptonetwo.m">
      <CodeFolds version="1.0"/>
   </File>
   <File absPath="/MATLAB Drive" lastWrittenTime="1636770034215" name="wL.m">
      <CodeFolds version="1.0"/>
   </File>
   <File absPath="/MATLAB Drive" lastWrittenTime="1638837563565" name="optproj3.m">
      <CodeFolds version="1.0"/>
   </File>
   <File absPath="/MATLAB Drive" lastWrittenTime="1639673312158" name="optproj1.m">
      <CodeFolds version="1.0"/>
   </File>
   <File absPath="/MATLAB Drive" lastWrittenTime="1639673704544" name="optproj2.m">
      <CodeFolds version="1.0"/>
   </File>
   <File absPath="/MATLAB Drive" lastWrittenTime="1639674847951" name="optproj4.m">
      <CodeFolds version="1.0"/>
   </File>
   <File absPath="/MATLAB Drive" lastWrittenTime="1639850100775" name="hw12.m">
      <CodeFolds version="1.0"/>
   </File>
</Editor>